<?xml version="1.0" encoding="UTF-8"?>
<con:soapui-project id="0f991963-0992-462a-a18b-835765f2540a" created="2.1.0" activeEnvironment="Default environment" name="Factory Fitment - RP" resourceRoot="${projectDir}" updated="2.1.0 20170726-1100" xmlns:con="http://eviware.com/soapui/config"><con:settings/><con:testSuite id="5fa7a079-bfeb-4b08-8fa5-d1996e27b45d" name="Yamaha Registration Portal"><con:settings/><con:savedRecentRuns>1</con:savedRecentRuns><con:runType>SEQUENTIAL</con:runType><con:testCase id="f445c4bf-739e-4b89-88ef-93779d1c13c6" discardOkResults="true" failOnError="true" failTestCaseOnErrors="true" keepSession="false" name="RP" searchProperties="true" timeout="0"><con:settings/><con:savedRecentRuns>1</con:savedRecentRuns><con:testStep type="properties" name="Define Properties" id="5643408f-e93f-4c08-9b96-6a072a67df01"><con:settings/><con:config xsi:type="con:PropertiesStep" saveFirst="true" xmlns:xsi="http://www.w3.org/2001/XMLSchema-instance"><con:properties><con:property><con:name>username</con:name><con:value>tdaniello.yamaha.rp.it</con:value></con:property><con:property><con:name>password</con:name><con:value>vodafone1</con:value></con:property><con:property><con:name>org</con:name><con:value>ITALIA</con:value></con:property><con:property><con:name>deviceSerialNumber</con:name><con:value>00836VIRTUA</con:value></con:property><con:property><con:name>Brand</con:name><con:value>YAMAHA</con:value></con:property><con:property><con:name>VIN</con:name></con:property></con:properties></con:config></con:testStep><con:testStep type="groovy" name="Groovy Script" id="480f38ee-7ebd-4cf1-bb3f-8b11cbe5dc7a"><con:settings/><con:config><script>import org.openqa.selenium.*
import org.openqa.selenium.chrome.ChromeDriver
import org.openqa.selenium.support.ui.Select
import org.openqa.selenium.JavascriptExecutor
import org.openqa.selenium.interactions.Actions
import org.openqa.selenium.support.ui.WebDriverWait
import java.util.concurrent.TimeUnit


//Initiate WebDriver
System.setProperty("webdriver.chrome.driver", "C:\\Users\\g.rosati\\Downloads\\chromedriver_win32\\chromedriver.exe");
log.info(System.getProperty("webdriver.chrome.driver"));


WebDriver driver=new ChromeDriver()


//Setup Environment
driver.manage().timeouts().implicitlyWait(60, TimeUnit.SECONDS)
driver.get("https://uat-vodafone-automotive.cs82.force.com/registrationportal");

driver.manage().window().maximize();

driver.findElement(By.name("username")).sendKeys(context.expand('${Define Properties#username}'));
driver.findElement(By.name("password")).sendKeys(context.expand('${Define Properties#password}'));


//driver.findElement(By.xpath("//*[@id='loginForm']/div[7]/div/button[1]")).click();

WebElement maker= driver.findElement(By.name("org"))

maker.click()
Thread.sleep(1000)

String textToSelect = context.expand('${Define Properties#org}')

List&lt;WebElement> optionsToSelect = driver.findElements(By.tagName("md-option"));

for (final WebElement option : optionsToSelect)
  {
    if (option.getText().equals(textToSelect))
    {
      log.info("Trying to select text: " + textToSelect);
      option.click();
      break;
    }
  }

driver.findElement(By.name("submit")).click();

Thread.sleep(5000)

driver.findElement(By.id("serialNumber")).sendKeys(context.expand('${Define Properties#deviceSerialNumber}'));

driver.findElement(By.xpath("//*[@id='searchDeviceContainer']/div[1]/div[2]/div/button[1]")).click();

WebElement deviceStatus = driver.findElement(By.xpath("//*[@id='table']/div/table/tbody/tr/td[1]/span"));

String devS = deviceStatus.getText();

log.info(devS);

def generator = { String alphabet, int n ->
  new Random().with {
    (1..n).collect { alphabet[ nextInt( alphabet.length() ) ] }.join()
  }
}

def seed = generator( (('A'..'Z')+('0'..'9')).join(), 17 );

log.info(seed);

testRunner.testCase.setPropertyValue("VIN",seed);

log.info(testRunner.testCase.getPropertyValue("VIN"));

if( devS == "AVAILABLE")
{
	driver.findElement(By.xpath("//*[@id='table']/div/table/tbody/tr/td[7]/button")).click();
	Thread.sleep(3000)
	driver.findElement(By.xpath("//*[@id='vin']")).sendKeys(context.expand('${#TestCase#VIN}'));
	driver.findElement(By.xpath("//*[@id='searchVehicleContainer']/div[3]/div/div/button[1]")).click();
	
	boolean vehicleNotExisist = driver.findElement(By.xpath("//*[@id='searchVehicleContainer']/div[4]/div/div/div")).find();

	log.info(vehicleNotExisist);

	if( vehicleNotExisist == true )
	{
		driver.findElement(By.xpath("//*[@id='searchVehicleContainer']/div[3]/div/div/button[2]")).click();
		Thread.sleep(2000)
		Select brand = new Select(driver.findElement(By.xpath("//*[@id='BrandSelect']")));;
		brand.selectByVisibleText(context.expand('${Define Properties#Brand}'));
		Thread.sleep(2000)
		Select modelType = new Select (driver.findElement(By.xpath("//*[@id='TypeSelect']")));
		modelType.selectByValue("MOTORCYCLE");
		Thread.sleep(2000)
		Select vehicleType = new Select ( driver.findElement(By.xpath("//*[@id='BodyTypeSelect']")));
		vehicleType.selectByValue("SPORT");
		Thread.sleep(2000)		
		Select engineType = new Select ( driver.findElement(By.xpath("//*[@id='engineTypeSelect']")));
		engineType.selectByValue("Diesel");
		Thread.sleep(2000)
		Select color = new Select ( driver.findElement(By.xpath("//*[@id='colorSelect']")));
		color.selectByValue("BLACK");
		Thread.sleep(2000)

		driver.findElement(By.xpath("//*[@id='buttonContainer']/button[2]")).click();
		Thread.sleep(2000)

		WebElement vehicleStatus = driver.findElement(By.xpath("//*[@id='table']/div/table/tbody/tr/td[1]/span"));
		
		String vehiS = vehicleStatus.getText();

		if ( vehiS == "ASSEGNATO" ){

			log.info(vehiS);
			
			//WebElement continueButton = driver.findElement(By.xpath("//*[@id='table']/div/table/tbody/tr/td[9]/div/button[2]"));
			//Actions actions = new Actions(driver);
			//actions.moveToElement(continueButton).click().perform();
			driver.findElement(By.xpath("//*[@id='table']/div/table/tbody/tr/td[9]/div/button[2]")).click();
			Thread.sleep(2000)

			driver.findElement(By.xpath("//*[@id='bindingContainer']/div[4]/div/div/button[1]")).click();
			Thread.sleep(10000)


			
		}
		else
			log.info("VIN already asseigned");
	}
	else
		log.info("Vehicle already exist");
}
else
	log.info("Device Serial Number not Available");


Thread.sleep(10000);
driver.quit();</script></con:config></con:testStep><con:testStep type="jdbc" name="JDBC Request" id="bf542322-3d4d-42d9-a031-b69904aab9ef"><con:description>ITE_SVR</con:description><con:settings><con:setting id="prettyPrintResponse">true</con:setting></con:settings><con:config xsi:type="con:JdbcRequestTestStep" convertColumnNamesToUpperCase="true" xmlns:xsi="http://www.w3.org/2001/XMLSchema-instance"><con:dbConnectionName>SDP_ITE</con:dbConnectionName><con:driver>oracle.jdbc.driver.OracleDriver</con:driver><con:connectionString>jdbc:oracle:thin:SYSTEMINTEGRATION/PASS_VALUE@192.168.6.34:1524:VATBMST</con:connectionString><con:password>sysinte001!</con:password><con:query>Select *
From</con:query><con:properties><con:property><con:name>vin</con:name><con:value>%VIRTUA%</con:value></con:property></con:properties></con:config></con:testStep><con:properties><con:property><con:name>VIN</con:name><con:value>Q72FPNG0SAMEACNGI</con:value></con:property></con:properties><con:reportParameters/></con:testCase><con:properties/><con:reportParameters/></con:testSuite><con:savedRecentRuns>1</con:savedRecentRuns><con:requirements/><con:properties/><con:wssContainer/><con:databaseConnectionContainer><con:databaseConnection><con:name>SDP_ITE</con:name><con:driver>oracle.jdbc.driver.OracleDriver</con:driver><con:connectionString>jdbc:oracle:thin:SYSTEMINTEGRATION/PASS_VALUE@192.168.6.34:1524:VATBMST</con:connectionString><con:password>sysinte001!</con:password></con:databaseConnection></con:databaseConnectionContainer><con:oAuth2ProfileContainer/><con:oAuth1ProfileContainer/><con:reporting><con:reportTemplates/><con:xmlTemplates/><con:xmlTemplates/><con:parameters/><con:parameters/></con:reporting><con:reporting/><con:authRepository/><con:tags/></con:soapui-project>